chunk_size,avg_duration
5000,6155567.666666667
25000,9156518.333333334
50000,9152010.666666666
100000,13212223.666666666