chunk_size,avg_duration
5000,3270585.6666666665
25000,3220762.3333333335
50000,3074141.3333333335
100000,3314806.0