chunk_size,avg_duration
5000,3071995.3333333335
25000,3062050.6666666665
50000,3102397.3333333335
100000,3067247.0